{"total_loss": [237.31161499023438, 232.081298828125, 239.2801971435547, 244.99136352539062, 235.5929412841797, 235.62774658203125, 243.93356323242188, 231.48248291015625, 238.00762939453125, 235.25765991210938, 241.8609619140625, 245.8479766845703, 238.61764526367188, 235.97506713867188, 227.22406005859375], "recon_loss": [133.05267333984375, 125.45233917236328, 135.47579956054688, 138.5836944580078, 129.69126892089844, 129.84335327148438, 138.44241333007812, 127.02618408203125, 133.99778747558594, 130.35403442382812, 137.7274169921875, 140.47218322753906, 132.29324340820312, 131.33633422851562, 125.0058364868164], "kl_div": [104.25894165039062, 106.62896728515625, 103.80439758300781, 106.40766143798828, 105.90167236328125, 105.78439331054688, 105.49114227294922, 104.45629119873047, 104.00984954833984, 104.90362548828125, 104.133544921875, 105.37579345703125, 106.32440185546875, 104.63872528076172, 102.21821594238281]}