{"total_loss": [7.067688465118408, 7.04789924621582, 7.288217067718506, 7.088302135467529, 8.050962448120117, 7.079000473022461, 7.196249008178711, 7.096865653991699, 6.995786666870117], "recon_loss": [3.8539791107177734, 3.785738468170166, 3.994993209838867, 3.8412489891052246, 4.721808433532715, 3.8685827255249023, 3.9431777000427246, 3.7145814895629883, 3.720942497253418], "kl_div": [3.2137093544006348, 3.2621610164642334, 3.2932238578796387, 3.2470531463623047, 3.3291544914245605, 3.2104175090789795, 3.2530713081359863, 3.382284164428711, 3.274844169616699]}